gauge_id,aridity_ERA5_LAND,aridity_FAO_PM,frac_snow,high_prec_dur,high_prec_freq,low_prec_dur,low_prec_freq,moisture_index_ERA5_LAND,moisture_index_FAO_PM,p_mean,pet_mean_ERA5_LAND,pet_mean_FAO_PM,seasonality_ERA5_LAND,seasonality_FAO_PM
camels_04115265,2.0878341,0.8193554,0.1884381,1.157969,0.056194387,3.3977802,0.6495551,-0.3639875,0.27563825,2.5300684,5.2823634,2.0730252,1.0028645,1.2290887
camels_04216418,4.4689217,0.5787119,0.29097307,1.0963391,0.03894593,2.5616114,0.51793295,-0.7404588,0.45178607,3.2599235,14.568342,1.8865565,0.3047706,0.9345034
camels_07057500,6.087077,0.81246734,0.0,1.1986301,0.059890486,3.9938626,0.66810405,-0.8222293,0.2342498,3.1646817,19.26366,2.5712006,0.17512074,1.205943
camels_12115000,1.698075,0.30965838,0.3726874,1.2947369,0.033675566,3.6437926,0.47611225,-0.14524518,0.47810212,5.380142,9.135885,1.6660062,1.6938858,1.611946
camels_12377150,4.7837377,0.7098486,0.4642121,1.1576355,0.032169748,3.390244,0.5422998,-0.47939605,0.32908973,2.5801272,12.342651,1.8314997,1.4963843,1.6937188
camels_12451000,1.9377139,0.3112968,0.64805037,1.3398693,0.042094454,3.6008947,0.4958932,-0.1696235,0.45608792,4.70203,9.111189,1.4637269,1.8309222,1.5839828
camels_13235000,5.5925174,0.72221214,0.6908087,1.2962298,0.049418207,4.358151,0.6130048,-0.52756804,0.23654895,2.5309596,14.154436,1.8278898,1.5226843,1.7995976
camels_14236200,2.090045,0.3361786,0.0,1.2944162,0.034907598,4.000537,0.51013005,-0.22897933,0.4413855,5.105189,10.6700735,1.7162553,1.6484246,1.6852239
